{
  "project_info": {
    "project_number": "38369243097",
    "firebase_url": "https://fir-imageupload-30b5f.firebaseio.com",
    "project_id": "fir-imageupload-30b5f",
    "storage_bucket": "fir-imageupload-30b5f.appspot.com"
  },
  "client": [
    {
      "client_info": {
        "mobilesdk_app_id": "1:38369243097:android:db938c5f61f687af",
        "android_client_info": {
          "package_name": "com.mytrendin.firebaseimageupload"
        }
      },
      "oauth_client": [
        {
          "client_id": "38369243097-g9meq1ggv3ibt76k3vshci0f9f5osmhh.apps.googleusercontent.com",
          "client_type": 3
        }
      ],
      "api_key": [
        {
          "current_key": "AIzaSyCFjc_DQ8BYRJezXqJ2NqrvBU_2fTd9vto"
        }
      ],
      "services": {
        "analytics_service": {
          "status": 1
        },
        "appinvite_service": {
          "status": 1,
          "other_platform_oauth_client": []
        },
        "ads_service": {
          "status": 2
        }
      }
    }
  ],
  "configuration_version": "1"
}